original_commit	public_commit
f5de91029e6d484612ea834f65d811d3884ecf02	ab966bcb74a2455d037382a982a8718e0ea24427
5af775559951428db81da77f76af91b375756ff6	2f3dbc67ce60ca5ae079d682f95590336378f3c5
6e83564e91fd42d84ae0d3bdfe63860209ae127a	f75c49d43926e92cb32ad8135e02cde89826ccb2
f76981028e17afa36a5a1e269789929a8ee45285	ab37f2139458bcf0a58267599b8112a6691f737b
720e9611d1a990dba339742871cef6c0e55902d6	b578a925cdfb33cf091e3b7cc26b221e783a3588
aeb6f01aa159f7f3c8d161db898326ac0e6b8e2c	1a3a02eac0109d405a4148b836919b403d663eb4
0505ea9be72d4390018dd08d922153ca700ae414	9fc583d86f1f746a618b345b25bcd3d414a33502
0f9a3acd66a5c2231f7b18b62a93b29ecf9e4cce	0cc0868449cf83c03e69309f1a8a7d5e9021f340
6d642cb4225e7afaa64ddde632cb6c28ea109dde	589dad2ce3a8f0ccec7ca387f9d5b7cce280e5f8
64f2bf6b02ddaecdf8b7d2832fec276e0209b3f0	6680f0b9602db01562202d796b61a2e9cd68de93
7f722298fe2ad289a9a21bac41008580970249ab	2d19f55d0c1a80f983c790e2ac730e686a4dc834
b54ac36f75e8914f36a2a5783ea12f9434d0671d	61ae9a05fbc6fbde6e78557bcd5897185afe88b6
07435fe0980ef1f5c4674c459ab3a76c6597dcaa	6db1cd8557bca31dd4ba3696de3a91d079aef566
4d0b045a2ec21746b7bb8be66505d765ada58e2c	b9a1fd15135cfbcff5118f5a065e492c62f6b353
0f6b412e6319153a0e9df383b73ae6b412fbabc9	bcc2b2a87c166e5ada76889c2654b8900a4097bd
25d45477e9d7b7f601aadc4c8abcfec9765428f5	51801db2be8535ed857a19076fc105304557bc5f
cb50553bf83996fc3fa6b371b37b4b73d835b9f4	afbbb7154c9b720002afed2cf47ac9df4d8293a2
abb66675a80dbb8847806aeabb2859115134b4e8	a0700a6e722e6c5fd18d2198aface582e6d41b4a
e8c3598cf2d558cbc5a744fe755953f785501984	3a10c2a0d48cc794c9e30d1211934f5e35e7f884
1d506e067db355cb47493d3793b01b62b52df177	4b45801624707d689245e51acc39592411b0f06e
f0f9b30e1dad64d88c04b99ecc87361813892ff7	6220f96f726be42cc1cef5485cfb4ff1a68d805e
bfc45cb9953f3554ef28798eec84799e8ac35c28	916666bb12d5af8199a8ccbca31adb8d3ebdb7a7
a93845e4c7b05fb1abe8c9c146a8ea2f9eb96042	3fc1050c27d01b19f87cd81ad1dc7276cd272a66
065a6d04109905939d62b5d0ca69c0d7419b6e65	2d4739c6a23525fabb3c4d1cd5b3eb2e555542b6
613fcdfe482773274b09d1222cee985f25bc8e1e	b41327f353ac73e01e602f5483e5e38908de618b
b5ed59575114590ed49f4d96021c5e7c0407fcfd	eee3715ccfcb8539f2e69f9817e18d3cebc3af34
53caa850c95682c7b03880ab776e39e401faaf61	e6fa2fed8b3351fa3cc84f992011f97aaa91ee10
91f40b43c592cd19fca063734d6296e20dd7dc14	8f15b30873d6c218b6ff2c31dcf60bccbcd06288
1d9aca86846ee56f992a20a7c691011767cc9b4d	d9e31e618a178f2f5326b75d4d7ea7806463c92b
d0b4d900ca560685804387baf8165a2cbbede983	db7e34e73a5c78906cb0d9f8ed1f3a192cb7e2c2
9807e69a12f7aece0d30c364368e9b7a2cac409f	88605f5f912cdb249059acd28dc5c76a6dde8814
7e131d30ee2e89be8800619a1659aebaea2a0811	cffc12007f8ff692ef204ad8cdcfe9857ebd6f1d
ad71e13028d085254181a180101c2704f6b92355	b37815af83b324db762b8f6b96fffbd82c46aec8
1d5346b45c1b4e800394d6f48e1835dff1b82bb4	39e2837b824a9acb4bfb7b15eccf006f979a4120
a84756fcc8177128f46368a347f4d8c5c470425b	9202d35d556e84a35cb5dc20e66a0711f581bff3
362e644a5a9ca7b25d091dca1f39869828724a32	61d74818d1a73e6949270f1ab54c5ed0815aa333
54c389dc29ef38ebfa73be43d7d1fe7235f0989e	2b0e1df03a51b01cb40bba61b816617a1098386e
cca8553e32e8963ca810f668cb4c3fb505665829	958678db1b752b56f045e152d338e49948ca76b2
6d251782f930ba09faf93bbecf3bbde8c9ee21b1	eada9a719c4622438fd88edad9de9f6c39707027
c9ff744823511ad58907e25a105d72f1e7d9fed0	774f178814c4bcd992298d9b35d5c615f9253e22
64f452ba5acbf770d00c8a5166c912769bf1aac8	3831e8cc94047add1eb42f0816c5eacaa17a8be2
e691ad7dbd8df877a6d99137ad2e7a3956e76045	314a7005b2209e10a642676322c506bc6489fdaf
35e8c44660ed6a7d1136e5e7d7db1cf401e30a11	cee890b98c796ff9704d42ed20b378057ccdc3e8
45ed26d5c55aa699599b204492ba1672225ed552	732b1ce8585044ba6f1c67dfb6827f41b84b12b4
9255673cf4916ada4ee6474fe97bbc09686b7e9c	33c3cd0ce5f1bf61d7a83cd7ecb770432204914b
43f7ffa9d64480c60d74765c6bdbe8c8389fe532	a48119414f484f1d9fd470b9f6f932386e224b24
3331c8b975fc7793165e42ad044133519c69a9ae	eb9a3b99747b9f4fcc01fae8f27944204ef8039b
a7800319a0df18a743fa8c9d58811a76f10370d0	d8bb3bf17942dfa0c1bec6c844f975b6f34bac17
33ab2535afc05f556d7752bdec3c233fd7e12092	6a0e0d38a0ef2da3e9bedc16a157e09b583d8289
5c8a7996e7e04f6bfb46fa775281a195cebee4ea	f5ee70e3f9abfbafb162513225fc276c4fa50a02
f3c60204896ba2b2479d356fe8ffd1fa067bebf5	241743d8482f02f56c465aac42cdaff2228f2aa4
8a4d6e24708244306a2eafcdefe502b5ee4e5bbb	78e2aa43a99dc489a33312d1aae450f3362f405d
9116f53bf42631ccda6503c5474d83b5048ea728	02ea8a10cbc1c9a524ebfcdaf8bf6e5fc339ef17
1bb6524672ac8d5b088256783006eeefa7a55a15	6e66f8fa260adbe61f1361a83adb2c055b8c5636
ce43edbf56a8305404d7dbe873b6fe79201deb2a	b6bb6c9ff43bd748cce235716774944e7b62c463
db9d2338c29ea7c8da7ff21539a00c5627b4cffc	a6ac331c855df7461339033d16b506344bae3f9d
1a9e9e4a4b0fe3644bea12c17f14b2c5977f4119	3b7b3968e9ed75f718a248ecd590a55724dcc054
d187233cd8fd15faf33f5b52d9332ee79cf1372e	85c79d59677eca498154f5f2c548906a6db34cbe
01cd77cdb5ced79dac05ee5ad3e3380dfc99488b	65c8f5232f3006f03ef12ea3aeeabeede05c4151
6e97747969a6e71ecc6023425e886e1e888ac94e	3bac069c990a71480dccf31cb67be79f4098db3e
720f3a5fff838b706e8a8fb4df83178a94273a78	2fcb14a3b4e5844ecca0a1999318f67036ecd0fc
8e88e689f0dfd98eec3e41a16090149a064d55ed	0c50812d5a86b11f386ecec304bff2f4f4d4fe59
ee6d9891dcf08944cfee9cda198a91b08b230287	aaf9d1bb2d89f45af56d732fee6070b5d6cd4965
0a33cff5375153957d07cdfcd98ae8748ae21b09	ada3a8f2a6bf21c6024ff00ffa2249e93f63fb2d
6e473f02224c055d1d153afacbf4603448e5a92d	1d58e463881dfc8fd7c45e765d4a8ebd2f5cc21b
549e9d31297fbfc7250b7188c0eb1c782eb88abc	b7294b1e09feeebb84a06257a112687615317c8e
830fd20d24e78ae12560068df79ff0ba9de031ca	12d44a5483c70e1e7a384f97883f14df7a1050b4
e18a15a98b931948fae1481ada2c20a3323a931b	f2c930342c07ba524d729760d3ab099051157321
0d41bc9ece0f0134415fece30b9633a6414b6b44	5b037eba445277c89b44d075a2b542742932b43f
ec818d1a8977ed6e9b6288a1ab581b647d677f36	eaaf65ebe2674031ba741ce0c93b03621f2bbad7
e6051dcaf800209e602109fa562c052637b05c71	9463277dccd8945193284a658e030a4dcf7e98be
35a3e0ec50d7d48218127d43d3526084d1e1b9db	5ef5848a426340c1457e6505478d95bc63e1045d
1c852bac13c20e8093d7dd5fda6242375d124a87	c9c21a1b4868bf3f063bd556b69d4c95d311f905
a68c5396fe7482453795077d1e50c715d568baf3	636519baea034c731b89eee8ce592137ad36c6e2
627976d63791b8bb8f92ed0e08bb6a91642c311e	d177ddff32d1d03a33cf417a672c303ca8b485f1
9244e655bcf96addfd8dab3914d6af02b7379fd7	e52a59fd1f8dedb6e13a5e2dd423f3d76bd6e4e5
da8e6600d233a3bad002d0b9a8b7b30b43877751	a6f82bd1ee110cace02a9557062296843dd29d10
f2f10759a7f43d130a08092b03b2c58c3b46b710	3d634eed5ef784e60b41986ee7128dc22c2edaac
8f89dd60b75d00f94d7399d695e58a4b86fdaa90	78448d2d58c32b37f7211f704d1118df623d3dd3
25607b1974b42ee378ab0cca744c3776b04740a5	ef0a64f4b7738bca6fc03899b1c0197796ba5fde
5c52fcd11a9c3d514eda401b4eee3172681c8a3b	0bd9178ecaedeae0732a3d1a2743d82557a50c14
cb111abada177c53be48c21e8b12b5c34007e229	a274e00232340b93b8fae616969474adae180485
aff4d1770a203db7e7cee1799a1f85d5b181a1c1	ac523db89eac59ee2975f3901790c7d5ac18806e
b78d561d9240ce9f4a385839e0b2644926ecd46a	a61eeba66ef6defcadc74a044bc5e4a318dbe73f
0c70fc31ef980f5164792c94d2b45ab00dd9e2e0	2ad4a3d22ad1a60c18582d343aa1ed0b0ab049a7
8c5c11fa5361c333d79dd46324f8e04f218571d8	fdbd20a70b7e25c5cf14029d1852d0ff86d28d27
839a22aa5c8062d531b64a3ec62f6bf88e51d4e4	37b6ed091cb91569e6933483bf41ebd1837eadeb
713ee96c68d50b740d59d70ca44026c00c4ae096	c79da202569e8a3733a923c7e88b9a9a1ce70275
185307fc2079cb40fb8b5eed4d73945242d0303a	a10965e0e820effccba2062d54d9059ff93580b9
af870541eb44fbf0c3ae28792a9f389c75ba1c90	73c1163356db9ef3b1f2f1c8ac4c2872792dd62f
cec61e1d0ae0eaf399d191c262dd071a6bf5ea83	501b969d26943312ab4b5de5d06088674c193d52
8b3dc7402c16246229bbb5e938d582ee00733b88	97d402b1924db73b92317b4facd7fe443ef60b1d
5c787e7d386f0971c99be2df0cb9f427bc735684	e7db4bf2e567ad23b46da65f59719f4dd7e2e433
2720f1e4c8c767bcf0f1c59e15ef7cfc5c870d27	4c0aa2bf266b4b8489b5dfd889ef8236f15ece9e
d3b725e1443a5db76a0d820cfb93dc8f4919f969	f63f25f11d1c25cb802ec03318023e6621bd070f
50db09bd8c8900c2bfcb08513da021273be03ddc	24c3258b1a581c410ebc314b5cc905420b0fe7b9
ae6a76e8f34945cce5093a6f948c49a4e5c8b405	329bb6646c1235415d2348e47670941300f3732e
a85cd5abcf916e46d5973f1522ae991a73550930	d345eded4815290fbdb3c2ee550056bfaea575d2
b694189b072dd4a4bdc6619edc5d15c09577415c	12d1ce527dcac6387e1d0907c1a67ebfb0674147
252a5d5ed3cf27fc2eaacb55f3081b7c1cea3947	aa6015abc5ec4306521dfd2ce0e3fbe17655d9a7
5a6cb195588aa0f16e6cbb92b5cc932c7e6083bd	c04eaf5a1c61d7cb270ff6913a88505d0b66e08c
e86736f5989c7c521e03c82a1e092ea2500d4605	1693413974ecc09b72c76825ce5cae6ea84713f1
a934c40fb0c2b3b8db98f22d47ddca6c4b5476a6	857a673a48d56d695861dbd6511553a2205289aa
584aa3a990d92c680256f684279fd4ee5e093ce1	33b6e64c74a5a178c77f3a18b5a0aa1254a9be81
8a4d02479b40885065998c5d4322522590ea461d	a96e945da74195538b956354f2d6050a024d518b
b282fb6b13066d873f42fd37473568ce7382fe1a	713444a839da37ddf436d954196bb8adb6dc2eeb
146af1cf0cef6d56f117e48b8e28b3c8ca77c8fc	1d35a1395b2fe76167b22eefb1dee6d0513099f0
fbafe9726f9de18ce6d94b20960ead4488a935bc	2bb4e961915f154cefb52948c8a251ad73e6d590
7e2622dd5cd8ee8a44d18c038337c553efea5c32	c7b961e1541f3961cb01794c3eeaf219e60e3414
d541f0585132d7828f3e1ef56bac40563b7866b9	2dcffa2c229d7a78234b743a17f8aaaa82553442
0e8f12191ff5bfc687f814b599fc5c4498cd8f66	6da563430ccbc5f1c6a31a7331c52a3b6996eb7a
a5012787ec6419cc76f82647e4a03cae59fb89fc	264eebca87445bb0f4df24492383ccf559ae91e2
c7ebb229ed07694a3c2787a64085511cd37637f4	f255e29fe9e136ddcddc9f50fcdfdec938481f19
c2e40a2d406e1c56e229acd45e09bd63b1c14ed5	e08790fe8d96417634ec5a1ccda85b9c231925e6
bc009eb2b4ffb4340f6c62f22fde417a4bae9f41	1edcaa42089f0d8bb3453e276bd1a87d12e425ff
a37f8478300a393c1e94c42f002ab343cb09adde	1a1c8a9104734dc07bf64891c3689fda6c233934
fde7de3d18e19cb85105ba47239cf185189b2985	f8813bd1e438db0c607920601ac2cf2127e1a34c
fb8d2c41b2b0908ce8573f53ad4f6886aad8680b	bafee811b103e6eb9f7be1e967f1e83625e36300
f0b6d6d644fe6155e51ab9baf32e30b65a2c9b26	03b3643f8837d1097c80c1f7aa30f1dff23321f5
3bc07835333e4a9e2a8696a3f4409ebcc40317e7	e6dbfa387aca2e1678154e5af9c5e5c342b0ec0a
cfd5a1037f829bb5efd48a1cce53ca693b68660a	8be476ef65627185496767e5705cb38f8c9324f1
2522f619eaa418e47f2490bc63a5ed7d8f6ff0de	0534ea9cde87223a069e7968a953bdbbbaf8ecdf
de53a3971f3bbb71da05be7daaae3a008edcf003	b335e0e1764e125950e75276f67d3b4a9fee156a
a8190077b4d2ecbac61ea1dc77a54adf152ea89d	d39837ae20b7239f0001ae7973726330c00e6e54
9f699dc37979c740c1ed6f1b114ef43316a3efc5	33c037bfa3c10a9634938c0958c631e7a5635b25
b845bbe09ae377ae5df0b50ec4956f2d81a45933	be264b5f83ba42a75509cbfa0d31c7957bdf5848
ff99c5b5c9aaf572601e4b4cec31ddb2629f4045	b7497e514818f1bbbaaf10172bf37d26567d3d42
5e3f2c2b2b2598b0e0adc4417182090a48dec1d3	addbc9694e89908256141e0f5a11a441393d345b
7f10f18efcf3e17148281871b4844aaab18809b5	203dbe9c097a86b0628e4b2cfcd6f91fa3cf5aed
f71ec915b6b70f2e8958010c3539f62ddc50fd41	ba810e36bffb721e9ff7ba9c51be7f50aa4765d4
c487464199bc7aaa2ef6ed3c8f4ce85326673e52	529e0cdccd83e2dbc0aca1e60bd4d3415c9e1e33
a28710abe31f78b391b194a2da250e1cb5c457ad	bc49c41a6dd78571bda75134a1b1b41c37e789ef
41f56c68feb7f66a859d5c072b9cf4494cd4ecbc	c24e03c6bdfe31633f35c421f1e6cf17064b773c
a8ec8d8169371aae585f54e51876d7489d58e51c	8c700ab572076f2f4b234c8d986c7082c555ab0a
071ddca096f2dad4f9135d4896315f321685309a	e877b4bbf4f281b45fa64860173f0b57bb91026f
243bfb77950f4c68db528238946d698e6ecd050a	2a91fd096ce83783c69ac1b715f513ba0464973c
72a31714d9944b883f82cadb76914c7789f2d6c9	d150de2f569c60bcf7c129e925d061614299a70e
4ed3f7c4c3df9edbac824c779674111d39601c06	0b8349963db021f8ba8ca8797d84a026bf29ca03
e74c309c6e096d4c6910947805a2e7b49abd9c3f	6aea22cd629757ea129b80e4b6815f1cf286e442
bab3f32c6a6e0bbd8566a610b5488e196ac8369a	474e5310fa789e86c4221d2a574590d9a9ed4b20
90ec74becbbb6e306d35fba003efc09915187bca	b10a4c3b4927419e2b66ea8b9a7ea8f33997e6d5
2665ee06383f48501e99aa97f464df3377fde18f	1df6b718c5c3b20379bbf0525bef52db0355a514
dbdfd876eb41aa17944eddfc8a8d029b82302776	a0f1f79fb0bd1c638ebc3e048466e5217f7ff880
7972580108fa7c4a33aab2f51b33d1266e87f846	b8041a59697ea0dc382b8a80dad2cfaeea1a3b4a
a4fe8cc98f77aaa0e067f42427830d457adc0e18	b330935148166e64772da9ec146da7e96aa2586b
89c322d4a20c17ff9276355fe7b0697e611de507	12a4da3de28f6b6856f8696e756b253b7ff03a73
a4d073f820d7b31e120a6c83964a0a5af2e42225	38b4a6e632ed9b11461614830b759ecc899bc1d2
b98281ef8e4e35c6a961b0626f7754fd4d3c74b0	ad3525a4e7661191653a3e65a1226bd9c4596efc
ac1cc1a277be40527efe84c907a6c13b7757ab7b	b24489268664af3c8dd07d1c843ea1c7120d4e48
2c426246e21dae1672dcc78d4f4c8b709cf99fa4	3e35e639cba86d304f81ccc5399ae74485b13439
d2d40e7825bcf21b68ea619a95ec3d489f01d75a	93e344fce7a422e1ee716d4eda08a54af5e50ca6
c78c7612c57e3b8020a06d2fbcab0d06b06acb96	e1bdbfb9887be5a5e04a0d5b59dcf01430d5b326
f5344854afca8a4e94d2b31fe48d273838891cfb	2a495118417397b7c13150e052247cc137cb69c9
1fc6b606d62b85c7c414c95909f171f120fa4488	24b64355fa8cf8314a161bddfe357031db88a611
610dd024c71d10c3b959304b2746c7e522743ce2	3c15d550e5db40701ff5f93a8b68acb3eb4ab703
7add0a33208e663881e0b9ad87d4b15ee9592f10	4ea9fce5f3d1b804324bf1431db00aaa81feef66
59ccb190dbe70f41df33e5994976ec06e9ed6b04	5b2fee9a83fb0bf85ee68a7208efa6f331876cdb
b7b0ecc878e4f87b1e4e2eb3794a47fba24c50ca	3fe321f056c60f30e82a7ebccc6abaad7585f3cd
67d758aa14c225bfe9aa93b3b42b461ad308dc29	16024c4dbebcedcc7810653b63671df0a35ab4b6
6ec128774dbabb2e63f60b65f0be8ca301c3eca0	ed674ad832f7c9d8b865e545ea55caaad744a2e4
dc956a98d13a432f07bed2bd90498025ad19621a	1d5ea631cb65e84b2b572bc3ce5c042a7f561658
46e54e307f4078730b8ee96e684a97b6a73fc420	6dab0e83e38021bf43b7a1e069f80d5f1c74166d
b84f322c62ab107aef8705e454c60049c521a46f	e57d44a5b1ac39d6d29049a50a4ca56880aa17f1
9d832b93f90122413a66d6cb3ffce4a76ae4687a	41dc5c1b6536b71f01973f70f7a9f57fb0a6f02a
a6fef06d00baf682ab759d839462597e31278bf5	c222356c1e9f083b5bea71488f16e3a7674936a0
88228d65218b667f1486d504bfa756fb9a397666	47a91b4be3598f7e07c4a8974eae16d09c31ef6e
0874c98da23b1eca641cc236df802b1e81ff50d3	494294c8acac7a72839f7cbc18c587a897a0830d
df11010d94fa7ce7591a08c07db519b01e0145eb	2cea4d1ba28977df7dc6fa2ddd7dec276ab8c0fb
4b4e1bcca2d24feffccef1578d063c0cfe7ec9e6	14578972168af6f86c257e0e7ae1773b98743ddb
abe727bd6fc34849be1f43e0d0e5e30d8025706b	d1d409eebe153fa00a4dd987723fdc53c62ece88
b7250430b207ddca426cc1fe3ab5fb3476318717	eccc9309065f184546cb34b2f02d4439fc01763c
f7473b62a7f314b7d3ba27594a0253303c8e2b4c	44ba3428d6ecebba1a1d6b425e64fe30554e4908
8a9bc471f45e1add134001839bbbcbfc13f2d11e	30d8cd759998ecb2bac3e04b9911994529ee5f91
7dd2555df1d97e05865772dd1d5e99aa8e438068	a4a87b8be6bc1ed2c5b6b6ad84472485365c8c91
bbb2d1ffec2f9c8eb6ec57cf09fe09fbc198ca93	df5d5e432762762b30f7c2ca2e022701c772165e
5c8b5699ee1bfa728bfb22ac062a7aa9fb167bb0	724d439b05081dbb81846471c4f2a946f9878587
0a298d72151d5b9ca114ae49b78e75d32bb3173d	eaad2687165c4ccbad7921bb9348369ce5f63ffd
a6af84d6d8e01c9b7c2014d1d6f4a9b28ab7e1ec	85b3b45d96f5e7fc7517857389bafcf40487cc73
4b3a83eb904df16da9d552d7b40c3f485f2fba08	95f4dbe76254f28dad96e6898f3b64d61207e7ee
4c069843464301145bd3cc3ddb675057d379cd60	4792f559fa903a25fd6e2ca8d2c73e39ff384049
50e9a96c373161c22694fdf8b26c892d5f527aa3	1bd855399dab81b128783275a4c8f31f6983de61
76f25c83194031bb2546043bc4022fc27ed8a865	e9bc80826c7523044b43c91bb544f90439bca7f3
db1ae9567248beac8f2621a2d4c87a539311f480	71d22e85fcc1b6ac3196f3ffe1fc2004b53bf02e
9408b37106376b4f754a180b41e0f13f5de89ae8	6e56464fb032dbb37dce19565be6b08df3bdbc65
b2c86b3c05b13690de8b3fe5323099c09c69cabf	a2cc2431ddb51dba27c6c88cc6ad5f4e3e38b954
e47b7eebd93e1620ad0e054d27633292a401f66a	1287bda6d87cc2b0a4f3e9299a76e8b3c98ff3db
aef2081297683b9cc530341bb98c8fda53f23930	b889304135b29ecbda8d118defcffb13efe54099
3d82a0c62f246a9d720cf1d2b9a6cd1d464945b7	2df7ade3016bffbbdbe6d7b811414a7cd2762dec
cd29fda2853654172f5078dc8224ba168b7ed413	eb69153e4d9578b5398130a6a9d8b84fecd10cdf
e12a2f8897b90709200f2f6cc3e15b8a8508192b	7507617f9bcef7dbb4fc9ca1ebf2c92e8a74dd33
f18921706d7588ab2c64f867b1e51dffbd8049b3	a1b0afd663f3383bb230d06487736dc98d433dfe
fa465eaec030e145859b095d4b500cb2b501f7a2	709d5a0b004a94e717e22e951e5db11d4af7bba1
3f36e3853cee0aecc509974a7a20c0f265ad8e13	696402710164658eb1ea8560b43c756a13e38380
548f8aa2437df240fa66c13627757300d36aca4d	3091d22b1fb8f252b3edcd65b0e8470e80a30c0c
486c1fd3198881c0a0edb59b5fce79ce3a3f2832	38e4f0c327b55764e271e9f58c9e055836215af3
c8b424352158e6ca6f3c0c4724aee4e44d14e904	af0967578afa7007459891d901a1c9d5881fbc28
efe1009b60319edd5a2a0be624fc0a38ece50448	8d6eb364afe71b2c32148a0bcf382feabc4b8602
c3cea2163223d33970f43bc4f0538e750ee348fd	dba5a8d171c9be220155801831578208a83af66f
697bcb35563433726ace1d60e3f7d52b3a3a4a40	9ab2216dd948db1a66c9167e2b1be283876d8177
e07c357706fb3a3da84f7e0a632c265a0244c767	624724389dfde2c25b96bfa1f7bbe6b5b34bd7f7
28ca49adc354eb7720107eb5a187471f7225f8bc	2cba78f3e88f1dc36e522eac1ca996a0a03e1ad7
274ad7acde65b8eb517cfc3396c0fd977d24f922	107340e3db5694a17b241e84a382a4d2b789514b
2e76ed0a2a53da76456f76a550e13d30dbef2a8a	3dde3ef7341c02c95825e183c11c9ec4b8a4474c
a5e458b3a302669138063bf0012d11dc5f39ec0d	c556e6b754cd20dc4bb6ed35daa80211869f49bf
d78f896f106a0ed4d426ce719e20ba4c7cb81342	c4fd464974d3ae2da784eda81528a40c74d3aa33
81609cdf1cc6a438e6fb03bc521bda1c6e183362	e9c586ff8eeb5644902d337c7cc6c2e32a8f97ec
8d635ff89dab9b4dc9e0dc8bc1b0a09ddfde429e	73bfe85e24bce3879a6a640ce456d5b63c1e94f4
25e6f528323bc5623526c13159eb4eff7fc92785	9dd35df4f569969b5e4deaedc0f2990becd4a3a2
a5d6a1c653879814cf4909284d5e612dff51047b	f377360e2c51ea9d33ed0bff542a2bcf7fa0dfbd
08ae898e2cacdd482297017e5f0d8d4e9246c1a4	ff689feb3546d069d7abcd0b33c0a5ddf4f2eed9
7669db9606c743da0619e2bffa320495bf099e3d	04452b5e457bf1d697b3f4b1a7725836ec4ed1ef
ae61f3c817ddfd5113eb851582d1bd09f193123e	964d32c8ed99d927a03555ea0ee71cdfa7f575cd
3336231e72eae8da435a7995914bc24a52a27ad9	c9c7ad071083c7cbc15e46b296148c01e54d72ec
5000825e77b5fc2de76677a8034ab8c0694383a9	6c2604e071d0baf29283cadd0ec0c83d19c6443d
618a7f6f2abea1fe8d749b2566af2deee53cd7ac	4dc3d86cf5a131403e1471738f3960a92663f66b
326620c03816aece911b86f4616b18411af49cfb	a8bcc88efe9e92a46964c8fcc3d5f5ec0449be60
d9199c3ca1fddc28c4dbbdaabbc12bbcce3b5c93	11fe0d5a49ea8f52295e22018a79a1a0561b0f80
93eb5123f6ed548d5e8d16b909b8fde6a0b340c9	15ef7a2f46e1065b5cddb89bfe5b84add8087054
6876a498f04052095277ab6b8c766c4a3ed062bf	ffe56c1093010a1db93bc124c4ce5e3cf5cf97d4
a3ada1c7221641689bae87ea87589ce8806e3eb2	520f972a11e1b8e30287d98fc7bca345b8493bcd
7e42cc209a06792406fdc250a2213a1cde2119d7	3bfadbf7bb66dc9cdf88e8374cac0ddba9b20d7c
2d69d5755ff71e24a91c53c7a8baf2890596589b	877402826a5975d91b5b0deea17dc87180f2f326
f3374bdc042dc8cea32a838fe84cade3ab928e9a	679af3b10abcff067472619fafc961ffe044c5fb
d689042f461a6108d3297fcd67545f9dc792b0d7	1722cf76922e956920da0d2b13e916ca9f5f4b91
3c7e385f94390ce29ad4ebc8cf697c3335356819	fe6046b19cf7d85a0f90e853476a0427a0e1a1b9
ccf8ec5dbbaca5cb67ea9600411d79eb040de1c3	2194f98a5e51c372ad8720b74cb64a4ca1ce3a64
39464e732c4288e26380560524e0c004d14824db	26286c517f30f04309d05924f9b3370c9184ee18
0c0846981b847e79bbc8a3be4b73aca19b986004	8b18bc4a940fbf3d758cff6e7b28a9242f2c8e9f
401b3717535461c88840eeb65ab3aa185374c531	a52126978bf1985fad0d9c23ee8dfdcc8824cb9a
78887df5e059537b9b65ea2ac69406ff98206018	61f1ae20916fcac3190de3f7559296aae4878b54
f595da55a60fc9327b04bb77dfda2311b19bd386	12528a200baa793620c32f0fc25b3f386289a068
c2d2f11f87bf7e4991c33fd6b7202f48d552842d	8e3f449b0c9bc41786c7aa814f55690708fb0da6
d22e08e9d0d6a253a209f13e7def6389141d201f	aa2abf5b67619f10d1915f510eb2ce17b6d9a8c4
38d20d29c625c9b053a47605134e6f7b4a8d983e	1ee9a84bcc5ae7509df7a05340f384d4052e2593
728c10e6b821617f8527528d581dcd0902b8df57	556f64b6dd148ff4ecfac5c614679085a4615abc
9e00b649a171c0b6db93508ecca52c6fe8298454	bb14b30cf8bdd9be5c37411f97eefb466371a445
cc245ac66fc74223da76f54706d938dda85090e2	72b4b65c3985730fc33a3062830531508e19a305
faa2833bd58c72dfeaa16371c99f95f19a7e7221	83fbb9de163388c209c489c4fdf7aa1329b90e94
f2c05923526e73293f5025dcc78d8b122873ee3d	7cbc7ed381e79e7c9f92e5d53a07af263b57bae2
3fbe84e87822c14b1fc7cb04f4768fc543d8b44f	7bd8e8959e87467b107c566ac72b0f72fe0778b9
7e50ed3e2f896465ca69f55880f378965dd153a4	a4b8a92c54e2dd055f92e48b5890e19f3aa08e55
469ff42131846e33b46c805bc5a99c0981b1fb94	698d692867d2e41296e2503a3daab5c8997a4ea0
5541cd964e8f93b599a2d81190aa03a3ce9dd581	cdc6aeeb45894394a0260dee82dbebf97fa5c5d7
9c723cfdff54e534b21f356778f4094d3337f5aa	efe52bba6e220347f03bad21668ef58f70e3762f
8b94e10445640df44cfb1e8ddb6b54a77302bb7c	c442835d41bf4fc1e47b531eb0b72f690b87fdeb
221f108b3d5c62092cfaf0ad48f2174c350cd1aa	486356eb7453aa2e0f667767db5622f4b2446f28
66aa962f928ce246bc9cd725f5370e39e0ffddd6	e91e2911ee1a089e0eea97f45b02fee838e68580
21ad3715b1f2877087103372d9454efedafae6f1	7c892235a8d022c05e58c1fb94d0bd0a7f1341f8
a503f7e2823e75ce468a0de6868db23ec022a490	3721dee16b665b02e300493a17cdf3489c73ff85
4526d833234edf23924b3e2338e654ba885be08f	1f880811a496a4ce14289297433a3bff56c92260
15dd21d711def15ffbe24d19e6fcf29e8fcf8acc	c6f5e60a80a640ba4954d20deaf959f9297a6ebf
1e17702e326a92f79f95544efa441f2efa851917	6f899426f6014d8eeddb5eb02300c553da8f1843
6b6bb9b11941e30a65f06ec6805f5469a8a27032	48690a620aea958780c4a46d72a28eb2b97215f1
92a38dc0de1a4fe80f767b6557eac09f7e0cbc47	8b54b273f4253c5611eb18d2aad2a9439a414ce9
7eeec342e7e37aa86d7218f6b4898aa8e009226b	86136c4c494cbbb2bfb5f99e16b812160e189fdc
226a7765618caee0313e20a96a863cc2c92a79d5	31abc0b99f804181eed89aae10016cd4c8ee338f
46e016e8aef4e52ac66db82ca69a777db3869948	876d52984996b0e10eb16e9fc74d93525098f5c7
bf6c75af27b68c81cca8091017e187537d8f47b9	2c421ff8b6a480a9bde8eef70bfe3c4854420763
17f956f9248c3e550dabefa109d6fcdee34faef9	b01f4cfda4b0e98f6f395595992b14df5c231954
91e562b9ebc06018ab10e54b0bf04cd53b086771	27e2c9cd30a7b8302274def7dc8fc75d1a6bbbb2
65d649c54100a2270709ef7de688ca9b81669d0d	6b5a2b57b93ba46031c77e7a0d31a88339b5966a
495bbbbbf02a2c6ba46e382b5ad485765e7c66de	e53ce3c9d59d4c145401687c344de6a414eae3fa
8870e108da6529f58f896491d08e43ca9a19c57d	ec2cf68ac0ab3855b664b78b4fe97425c9ae1ae2
17d0ad6bdde393bcac6bae85932c67e93b2c2dcf	e33f931473a3a38377195f21294ee34b1f1ae978
dcef3dcbcb9b2425ee41e3240ae5128b383191da	af6c7b0d7e3490ce039d132427ae30742834fdda
220c78c0948faebf2e10a972d0c0e43c80d1010e	71a942609b2b4d136a28dc8b01a944176696e148
bb64ca7b85871a22262cda7b4c9be6693fbfbfc3	83ff4f5de625cb45b1a0ee36c9fcda6090cbc1c7
c62bf2bf68ddb5861aa748eabfdc672886b9907c	19b17b35fd34ab3b24a1c9ce582ea386e8993572
66930c8e7bd1c62985d7727155b0d4bd8a13a9de	364d4272a370122e012cff2087ad8be70ecaafcf
0e40701e90821a6349673add39442dae92d63e83	f29becd58268f16d4944117b7100e760d185828e
eb0d2b99780409b5cb725e90f81ec7d10b8e0b5c	a48043c3a80812798e38558b8738144f294fe239
54d2b5fd1a5ebfc8a35fc79d1614ec93b8ba07e2	5472f238abaa11831147a97b024431c2278e8f7e
bc868b999244463066477bfbb0fe302f38430503	0532f55c2384bd8faef70670b2dacdd27fdca6ea
9b30f5f377783fa24612ec85414c643db0ffa098	fb341a420bbd3e4b4ce59a5deaadc013b258c58f
97b852d4cafedbca6aca53b4be9dbc3f38f3431b	14f25df64321764bb095443a045a811026d0cc1d
8495bc833238743251934a0eaf53c8ed4dc169f2	88a1a1e757dfbea59cd78211e594db02bd9848b0
d17898d30e0ef5d7957609287f527e6a14514006	1a52174775fab5f8078b7823efc843be9ecd3b59
d742fc3bbe9d94e13d9c9d01620ef14befc355e2	ddb0ff1a9eda5b661cb3fc09adbc6e2832e2519a
095df457dd543ad85441dd978fab006acbfbd369	f00dbb641484b34f2dcbe1cf0de1eb55580db53c
fda07f4a07bffa7ee69117aedd0c53fc932a9840	22615282d55cd79fbcec27c0b14f19800c8b7851
081f1e874e7a107c32da0d64fba033801b218142	f4826422eef4026928f8c9058600064eb2766827
2a728b3eb2705fa9eec90015e1daf9b22a1d095c	af83f1bd5bf497edd78492fcc6912aeca0483a1c
60f9195d5014a603e74cd5ac9ce365bb4192afa2	bc80ed4801010c850eafc1c92b79db503169874b
37b24bff079fba050ce50d574f886c941bcfb832	d437f6092a1524b40568599feab38ff0b258ac37
11e02491a4af1e81a30fdbd39ccbb217b5149827	4f1c17ba238cbdaf3d6d8b4002564eddb648b55e
111128069c584854b35102bd553b5e93b1fbd35e	2553e6f27c8284032c17f2afd8df2386e01f9f02
f895545d412ea1ba4c7e327397903615e1e6485b	2c5884a2efd5d8e25f5f09473d63af21b9e51835
716369d9c1b92050808f47bbc18258a08e0cc77e	445957072cf2a6c52531f3aced4fc622622f2b27
a2f43c75a61c63e720223b876c9604ad68cc6eda	0d44c2c19e14162f3abbc070262d23fdef9a22bc
84647a216ba06eeea29ec4c05be773a2d1731c62	ff5bb0838cf69196a69008b209bcfdd8f1e1a0c9
39fd599ad4083223e4ac9e548feedaf307d5ca3d	207dd70a6078bb5bcbafd9b39bbbaf3e1ab91f73
35b52d3f38d211dc95817559b34539ec1346e7dc	e26b3eb0b26ce9accc6851de52496e7acabd191a
ca45ff9bd4153ca6d413f9ee65a4edc75082884d	570558e6e27a316027ec09dca5fe69353bbdb9b3
a02d96436a6e20109c7b49a6055e6baaa774ba90	95f3d6d79c92c5514874ec0935f336513f8a0cde
cf9f12b062e60ee52122b3cf1dc229f2aaa965ad	6a0e5c0a69cfb8a436fe4d6991c1e13605e2c137
e85255bf8d46045634a7ccc514b753a6e9a3487a	763704c0bb20462de8d7e10d6bda5868bd42224f
5b0defa3e646b3ea5266a48af6ff0e63cad1dd96	fbc6df0326474c57231d2c503f266a73ef092230
5fd2dabca8de8897a4297cb7f92ea9d926173260	b672fb585cbb5414b34217ea35b6077f2248a281
06c68def14bf60d04a7a587184f423992eb1a110	864a78be9ad2241f2d32c93a80d128a743b265e8
ec448ea05b71825b23d7825d936e97f6d379e3d2	0478c6682f08f703cb79c0739a0caed2b4c429c7
108ac4e87c8bb9bd6363be6b8547426a619a428e	01d0de77d77d3367777bd417249e6e9e6f8a90a6
6aab8eb123fac6e86189ec3d91f60241a081dd90	1f2943beef16e0bfd1776cbf294ab98a59c64889
451cefa2f9386b183fbcc06a7c883b9dab6259c9	61a77a769833d14f7676dfcc027766685b4a10a1
a38ce3f429b4ba321fc0237bd8b15c4244267635	5c151caec997c9e289decac3c9e8bf07294760dd
44787499f4464feb5e9386e06fb3054f084ffe97	073a7db41a9a03420a0886502b68db54875aaab7
e5f1053e4dfc2cab27e69cd7d5b1696e6c54977b	beeb1e8cd91b543f325ec67763baee4d65c993cd
d6ae60f10179cd08dad99be40a4a05a79e9fcaad	ca3615c2f9310c51bbea8954a62d422d0f74482f
22cefebe6f182d6fa2d2f621714ddd9c3761ee20	9434e6f47ea4d4114a77d71d651522c1571c8e4e
9dcb00b569054bb84fcf569a3ada3a4ead2bead2	c6c73cc2c6eb77b455026eccde9eaa6bfbac6bd1
bd1caa3fc48774c91b14353b2b37434eb2f5aab9	0d953161203a2ec69050867744437f9ea37cca2a
a6453e02cf7759fb2d0bf6235ecf5b4a81f5ab75	06edba02eac9d6e970b8b6c9e3273591d6c6ae29
4b10f5392efb4697b15b9a7ac1469534f92ec10b	1678f74e292c9232160a90f095cf36afc325f442
b840c10484ba07796b6310d77315f3e05d4ab59a	9cab8d6236d2cc705011a40fd925501f5d1e4537
1a30cafd113fb7e4baf50cef615d52f448ee5e13	e7a3cceb516332d4ae7d4b6a6182396c8a2fdfa2
e7afbb9d6025241f0ff5a40698a4f96022db2d52	963f164b6d1019ef3de6e80bf26b7eaa6a4d9053
0a3c9e81065cdd59cc5d3d44142a0b15b94ca113	8baf9aed2dca5c7b5b2e84fb4f7fac15231b41f0
46fad39401fb76b6eba3fc097730ee7627197f43	af9eec8b97902c96c1c01a6245907ec905e6ac74
70533a4c6d94036dcb81e917cc86985977637c33	fc0827e064caf6e7e4f2a1bb0e83928aee93e2ee
c0371f18edf0fa620bafddb7601f55d00f1072cc	5120107fc91628a8c8a228280d9731cd7cb2b212
dbac59c9568cb3be6185abfe395c71c57d49ac3f	e71b1545a82ddba66183b69db3030fc2ae002398
506cf1d71a7bc3fa85cff58805b8bb30ad11c4c4	3510fa1b56d0dcf696ec3fe028e31f4e730c13a6
2d05284490e0bf92ba78d3e7461f9b1483f3aadf	450144acb62c556993074ded8c213e8f4dd9a240
65cbc24e203d1dd21c6d910d5206e7ba5c2955b1	6a6f078ef51075d5011bd9a76b7f4248a6abbb0f
3e5d5be4ac213032d624b83299f602a5c43d4422	dba35804345d6e30ef676c16f3dbe51b0d8a6548
9c1162b9abcf119786e8242316a90f1f4367179f	94a7acc02965f57e9eab39ffff3e5bea70e62037
2b0071f91848eb9daf5f7b309150fe74831602a3	6ee11caf6e78fa379eafe4625f0485bb4be97c8b
e78d5328939d964f6c32d70d40205e972729bbc8	2a36265676a9f9a5724474301b05fe35de6918f5
29d3ecb5db5f46f9d998644653d3c042de112243	7afca3808f8bbec1f02de62e8ea1a5d29b2b6060
2232b8ab82757c04a0468549119cf675eedde007	24224268af33bdb2813177a53bfb1e231ceffb9e
9e1129392b4ba3b68553c8f156be2fdffa685406	1b52f80d0b231119dbb9cefe43b8d7c1c9ee0f42
30b4aeebd2e7d08868e86b60b047666ec674d074	1430030f41e5b492c22bfa00b1ae64e29601e6bf
d6d4fd16f4c1ecf5f7a7746b381508a2cfc569fc	3239d494e48cd6eaa32b66db0c0000c72e13560f
1520aaf32e62d82bbe569fbfb5298240547df1e6	9bd6ecc1ed7d43dd416ce6d1ca3d0faf269ae8b0
142c5458a02800863564e43413144e5278a308f6	4131ae723ee3218e27a76e34efd6ff33ce7bf3ba
f4de627debf531dc651da89658340fa53734c4f3	f3709cdf09ced2c7ba7228bf5dbc76d813ab09e8
b3305c4f2f73ff7f5703d6aceaf70145fb72499d	2d735f07112cdf09302a99a1782253055c13e620
7ecce9702a3265c5e888124a7a399b441286a7a9	56bbecb451f32277aaf97945b004f62e379d3eb5
15571030600ac77a1dcb60158182ab464a6ea371	395dedba19098f0fa606036eff7d2ccb8c57b7d2
63348d4f2d987319dd7ad840c5a9dd99f2e90a87	bbca73cb6117574a9b10d63e98a1b2fecc086588
772bb325e7ff968633ddbfcd56c441f9fcab51af	20a507a8ab4b6db16c483c6d6541bd5271aa888b
8f10a2423e6f2c1c0e6492ed68337508706329a5	63cf296217d8c969a32b1796e4a7778a527ce4ee
7922524a3f20a7ab920370b4dcf3cfcbc168fd2d	afe04bf8adacca76a3b7a77001272e0eeab607ba
7c656ea8bbc823ecff2b4232fc867b1bef9dfff1	b9ff0f96aa30b6f92eac1f54f1a0f2e57682b87f
e5a3ab6aaaf414b47d3c9e2e1f09936e3e95c9a3	c99f1f7d182405c6efa5282c23f882224558acc2
397ede41755691aec522da4502adfd8d6585eef3	603745d4ed8b83298b9548f620c1e8bbf7603533
c889a616a779554e3f845e7efe2ea3876fa7d1db	335464d6a01b5bef8b61ef5f0aa3ac4defbcd717
6a39c50fb80edae1cd3df8bf3054e73aa9ad84a6	ce0baffe2531973f61196d8a748d23c6ea93568e
1b6b5ec1a363299b1c82d3f4f6286da07f0ac01c	bf1e2f9a2542004783b87e4cfadcd9f2e2586c03
ff12ef1f389ff5046faab0b4fd95029d421d79bb	1adb39289cd36713bd6425a3e77cb59eb4789b11
01698235450940d47b1ac87b228e95a4a49b1b62	6a9e47528bb9ce7a54d8d366e6b36f687d55018d
1ec5db7c86e8d214923710bf9b9706fd22609d2b	c210329af0c1e43dc4a318efe6661897af8b66d0
23dcdf5253fe10f2b8107fa1757c1c6c3d546850	b91e1703bc00f0bf25029f133f6b935bb96b603c
64adfd5c423015da92fb9e851be135d49abf768a	0e638c776ccf05a2f01c16b2a429cd4e1ab99520
b5fa074dc6e2c0d0106c55a3f509f5052bb7404f	3643626bc5a9146d72ff1e8e86c6ce50fae2d297
fd6f30afc045bf9b649b0532512b6397aab7ab07	d5ebefbd4d44d91cc5841c53059ebaebee727afb
164b3eb612e66b6a66eaca958f970f6c4f693f13	7d96a62e77c5a27e7f2c2ddea6726f1af9549965
4cac6596957673fa62654ecd8d7d02034295104d	dfd92cf9aee42171c034a3a8ff1d6fed603e9189
d44413259e6afd2cf624b4c09703171c7e197edc	df41aadf9b7e1f58cda09c52cb1a76cbd9f80101
3351113e214410058331d15bda25a58818d35a43	6dddfe1c5e31afb167cb346686d0a435aaf6a5e2
acb2350128305b20b6b8861565fb733dde4e6aa9	8cb6145ea02a67ee6ca460b1f2deb5fc6d66dfa7
9da8ac4a4a1a6fd2bc569b9979e0f8f9cd821868	dabbb575d50509a616d369d7781e4f8c0a6fa906
ed3139329ba371e3bf8b33ae171af6221b444a8d	f691dcd24b6b178af978d83b6c538d211e89abcd
6e238604ac89f646d1b3714a8c81e78f59154ab8	5f9753de7739f5d28a1aa7f6b54818a10b2d37a8
a39c6c9cdb4e70ea64f2256736a7e743e6d45929	979235e25cfc17ecfc017990ab9194563ace62c8
cd50cd065935ebc2cba8a224ade050de48f695d0	181e98324eab37eea3a19f9b9e5cbdd170890969
e41691917a6be0554a6e8b2d611dbb8c4dd5d59e	25751a838d3caee447900dc2b8ea9cd91dbe772c
1b9cf005128b74b871e477d6feaecac4418de0de	46233b24ac2e035aa6b776bd798a2e060e441e4c
a3aaabe951f75e2525d22886eb5a21800d02b59a	73467f58331439bc9534d1e802f1e9201f235924
9fe7dab1b15f463b4b9a79c375297fcae4eb6ccb	a6315c23392118b821ca8ca3725fd73610314465
2e6e0f0d7d211d6b6b686b71683d9a419c984829	773e14a631e6760f3a66969412d4d20792c6527a
5c17f42bde1df2650d75a50ed65a1148360ebd0b	676dcb092e7605d129d844372c22851d4116e1ef
4515f169c6bc63ac8b664527f96ef91b4432e48c	4618463c882a2e57937c4d224e8a1280698077eb
22a88908d25cf68ed501e3dc29b65450460c68ef	9e7764a79f2a2018940bd31967d92c0821166310
1b64da6a6482d23a012cdedefca6dc7677ff293f	db6a7fac511d8f49792e1c8cff02027d59e0353e
17be6c85facebec5c6dd196bd42b9331a9fe3dba	a1e5d415a1d24b145f39d1713e31e9734d6c039d
bb092996f98fc15474186433e77efb0c423e121f	6b6c1cb8ad73f9a07f960306363faa5bec02e420
d06dd682fa7396bc9ad9594a9ebbfea43bebb5fc	d653839340ac6e3a884243c1f90dde1886b5315b
d96fd2e4d4ebba677b798b1783d124269431e1df	f18ad51e76d4c759991749849490c3155b8015a0
f8798d63f3329cb26b1997f3c4fd5d23e7368c67	5ad5c7ea71d463679d28b930ef555bcc13084b3d
46b5ec96424b565cfddd7a97ab282ce5c83f5e6d	5dc1d450077185eca9f0336fc9bd8f11826c3957
465a9abf85d095e844b814b751664c71619f01c8	04e2e51aedfbe4179708d89aa92d3898a28fd713
bf76f4caee50d6be920ea9b7acefecd155959c3b	7f61216d66d20c3c1d83455062a43fdd4e55e522
f2e75b32471a24837ddf892b42a73e32c69962c4	108b4fc6ec78800e6bbf6944b648a7b81d5fc5a7
e87e0b6ea64a5f44f826d4fa38449bdb194cf33c	f10c6990586406811a26b5e9b48707aff78834c2
4811052a8c9905fdd75d0fd66cf664e48bea4c0f	0520a87d45cf612f460ca08e9c887edcf91d9365
fade5386b70e4ea5c1b89ebe2110f7fb69dbed92	529e94b4a92653b6d149156091b3dacdab38eaf3
bfbfb645c672516aaa0d245cc80c7e21a3d7566f	1bf01c7592bbcf9105448df783e52946dc5d4f2d
95f3172adb1be0469e6dca00beef615b6d4f91f0	8d4c1278bc7697eb4576166e3e632bd137c99b3e
4d01ef30a092357d8f0bf0227187a5de4c6864bc	b043e347537c7091231e682620e405621a71538b
7ba0d6144d64c16641cfe68594cdcf99c046a127	c521e6417fcad48ddb45821c21273ba156f215e7
b88d424b71f585ad412bbfd4703e5304dc5f22aa	bf4064dcaa771697ac0f290e02378d428c717958
1fede6dde7e554a86e59a128ae6fb8c51c5fe077	a87b54865591f04e25b40bc3624304e29a236575
77f527fc01a92bf8e29019c2f844f8d5150dc486	37e1bed6ab6d9094679ff4427fb9751ad1e74f49
ff902325651533f5056e20f358577342816cb22c	1f6c8f274f089b86af6fa527c02d9eba25f1d048
20b3ed60e3296176b87006f26cc2f83aaa900864	a9fe5ed69552845bdaa101f63121d2c38c6f7fa4
d2885bd7bf03095c75d79bd7a844ce20bd551701	fc6274ed4a35e211cb23ed5034da12c83ac02fac
b0c8bd4b483e8ea3e2e717c3bde81f9712417183	f407685511b9a3024cb609a4fdd6983215e1b1aa
58f71551ec05b0b9b97594e4936d1aaf63362f3d	f8fc57a593b25eee0ada09a35439c07801c97874
74e9fbcfd7121db8c4e7ddf9f971e2ba01fe3aac	a7c20e8481c828498491ab4a865c9269e98deaa3
c08b1911c0507cc83c43d919152086e587b45645	3cd389d5b3430faba386c45908ae1d5541eb4cad
c1a1cbc7b4c4ca5685c682b200c13963d856f9e6	b23df2da33b5e32ce92daa4280adeda37e2b0d57
76e7b7553de61ec19eb955b6e321ee52316d3b0d	29d1c4a141714b46b3930261091682c5eb9c0edc
b862ec6ec17ada9b1b488c066be7ded5fd85eea8	0051601e9e3a7a20ba3d6705c496a973f17c6258
5b37ae5a0b63b8981a21a976e137ff736f95ee20	f7f3e37212eab90c59191485f593dd41790aea58
c6bc4aa976349de377e175834b50bed7b0c5c02d	a4144536432e7a01a7ed0899c56540fb26d45fad
93cb2a1448f3a8870eb0834cc7b78ca59bf69e80	650ef1c75480ffa227067952d29a1ee289ddebd1
77aaa5a52094e507b574959aa45a2c1ecac94eac	5f483c3ef106a1e42415e22871124d191a8edddf
b5e518044315c26a6510b9f55e00b59a320043f9	0afb6213edf66190bc2e96ccfdf5d32e0c33bff8
ce7d1a38388f2a4cb581e9a9dfa45278dbef70c1	e79b7dbfdf514fc19137531ab0eb53b5352a87c6
26c374b575e06de0e9d8f75a3852577c81cd1210	3787f7dd734ea54600fd71425f6e9027079c5309
63aae8a6a948ef108a7ae95ac952acaee75b0622	4f645b6ab986293dca478a998fa8f49d062bb289
78b65bdcf824fe16a1bf878ccef1a312c6f8e210	fba47ac2b487fe8130a810042fde6c0b96d2c129
5674f664355d955c24f3b430e2731467bea3c42f	249b8a507f60b61d9b3974f94d30a4e6b30ddb7e
e7fbdc7d1065df5edfd52f6a94a12d23f3ba6161	2c7d7c69db100426176e04d9931bc436e10ed7c8
9c945b559c1ba53c7c4d5ba48c8e4e1a2e9bbffa	8baaa89ad931e6c6f371fa9318ef0b5a9c465ae5
a509d8e624e560ec9e8841c0039ccfd29e9ab852	607f97516303ef6d86cd523953cb3697ce1cab6b
afcb9ed84308e3a90c14660ab48d557f9c077c40	846106df993822d08b9799d1fd601f5d28b2233f
2c1d3d85c5a12f838ac0603f5d718bb7edf2ced4	08fb9ca1eca8d176821c75c09c7d6015521de41e
11f9709b64a403142bd50f52c44074da8ca75ad6	f5b4d008f0ad061b51535aec4ad2bf729c5a2a80
5dd926f3e4478951168e822ded96da0f558b5ee6	8c5291ad58e2ccfc13e1ae0f9e9ad19639c41520
93df058d10a0c92c5db11a7226b220fd010565ea	0cfdb1b7a65f428abd99a2925c75b4837136b64d
7a72bb1d76d75dd101e1f398b05d6a4012c176d1	dbd4e72bc5adc7210a36966ac455fca60f658c6b
865e38c5c03ebe854af0d0106a83ba45b8fbc1e7	98535a8e8afe33d175bbb0322a0e0c562271d2dc
50d739b927097fa99cec0088e73a7bb4a9130a2d	3d77b78d223bfe8c751c535c04a996ec8eaf3e1f
4b8fb1dd9cb01c3ae057afe07efb60ac8c41e4e9	c0a1246154028a0ef8a34f612487ade72f137b20
01e3f6fa67f881eba3257f74bdbcd8b7fda58ea1	d47884dc2b5afd4b5bef9de240808960b7c30d38
a46f8fe0332d14d774985b3799e9178d6baea3c7	e64ffd0e2a3bc57e18876ac598db4bcf434354bb
a4266f30f5b3e5fe41b35695562d8638cb7319d6	7322f83466f65bb0dd3d1af7d6b01a32c99af5cb
71a0ac4ee7789e5731e5fb088abea1d59416a8bd	640088bac2d696a7fc57a52ad8ef7754447af9c5
09eb9aa6dfca0c31dbfda22ae66975ac8f2d1145	00e5024098496dbf95da8683793deadf6aafacaf
8640d3b56e4fefcbe02dcf38875737f4575ae241	02bf29c68df4fa74ce8a60282645fd7c78ed0a56
3e8562d5a8f9d1729620bd66e2cf86623a8c0f95	42646750dae0426018f05168a4c97a5d34ef19b6
7d5f8284700e87a4f5938fb277406985f05b47dd	00be0273969309983fa86c7a1d75cfd284698071
8cb3e607f2b79dc7f46545135078831fea753d03	b0ec9521dcc80609f978f951e96d98c5720c3efc
027ddcc2b97f588a6e8dc8767feecb6fd51ce02e	7bb41d15dd6735832ad9c716066b95bcf80ee5f0
05c2539e6573c3cc0d5d9b0d83a04ef659780e05	eac20af451abdb8fb0b990429df56f8c65ef9a75
f995dc5d9067fa67e6171246d842ee0dbc7385ce	640ce27ec2f723b31e66089e4fd77a532fd0ce57
09974f49bb9de30df2554994cabdefeee8e2e553	9e7d65956f033350928baa27e7537db67f1067ea
f428c3e4ae533d15659a4f63c72324abf286488e	67556f52c8d525db74aca685e1e565196d326f34
bbee426c9770eadb0054140d532c5739d899ff80	3d6ac746e754ea2e744e2494f124c637723e1a87
2e40d3c4c385e156bc273a7e44d54b41938d2fd7	e4000741784be799fc6f72d7cbabba8eec2d5ad5
6ad3e475f1d0679bf08b5449b467ed2e20d05c68	15c82782b617dd23d07465e459fe09c5d95e2153
064498ea64539b5b030bc1dd8b4f9dee28658a05	69d2ceef6edd4f15fc6bca3d2d0d8d6eb8ccbf34
17255596ca239840d62db1fe7054d42b9dff1e73	41a29002a7d4a13647eaa9eddbec281700589463
6e2b8f945643bbde6e9d2d99f62b66af5949e498	fd3839ce31014747a136f2ed1a15348ba183df91
25fb00a519029829cb24045bc4a0553383af810d	6a2f9115bb3c905d7fe7de22ddbb04891f42c70f
a40d8d8a0c52606cd9989cf8c92eb669e83db5fd	e75314400cd8551f0f82a62c45787fdca1233dbe
d97dbc45f9d03e1b9f0e0e6687f8432203496d1c	2b430388a8b1bd0dcd94348bdbf9887947d51c98
4e575dc98a338f4cdc2afee3ac7a1e019f0e81aa	758aaf89b129469a40633bc122d810b12d46584e
c5143e1d8c57c8e761345e4b9663d5f0c2fa04ac	99e46fa3edf6e4059edecd8653b9d3183b7031ec
1a5d21a9b8eb3eb989eb1cf45cdf293b1cdd466b	766e2cc7f56cb332da393423346b883ba5542616
06ca55d4e81c2103f06bca7ef5569f124d09b430	329dd7384073e00dad71a5b141b6ba46ce938823
4f61ba8c214f2d1ae30b08351366f9418182c4be	861b76f2dea306a3203f7c32e2478a5c98d33dd0
f41c369f766bdc930b260d92b15217b7c17cdc6a	bbe9a48ad5555dde1b7d898ecb336a628137d0e3
664f352f869eb3aa7b38d2f3a0eb96431eac0ff6	29127d428fdb14ad14165149a216a1320aa73de7
881e238b0cfab22b4a1b18ba2c1c2f9ed3cd59fe	a11ef41e673b2f71b2032bdfbe43892af4f5ab49
da10c572f5d5d91fc8ccc58c90454cf903423edf	6ae1f474f80fa35c036881fd561df0c4297d61f5
b95fac88f3d25f97954bcf080b975aa2b9bea52b	39277225bd064409616116b7aa44c3ad49aff14d
63390b8f796c42c0c163438c9ac813faaf6c2c97	bf12f18c31ed06c3e3432179ba948e195abefbe9
4dec33c618eee1ddd49c33cbd755cccd1c36bda5	c99d3e27637efd3e917efec25fc926a25aa25a01
09f5e51aaafcd1e4d3401ac9ed69469f1a0aa584	2084752df174a96d6efeef149073f1e3d9b0953c
3e3c2fe533ba8c5ebeae3593e7d38bb699280137	2daa53e4f38473bb7ad1498b9fd2926a5cb7df2e
f4ad3a6b7c945d3f632288226a21082759cb1d22	604b527f3512daf2931ea5df4fad1ad3d86150ce
4d9198b2a415701e815ca6fccc9310b772427f25	b8f0215b1a0fbb869b2cd38f054a8df952aee42c
313db2bd474704fec20a30c58f543f311d20d443	283631dbd26a1809800e6d117145051f201e9f29
b26e935264eab82581801bf2564274bbc41dc9d1	00fc1026e029b595a86dfe3bc7c6fda9fc1e8e1b
67f4779ae9062d6be4f7a160b2ed7907a3aa052a	a0b5b6ef36bf9c69a99b2bb8e79a0143bd811a20
986798d481efa970adbe350b2fb1750f9e504a44	096b8a6ae88229bcac19da1df960bdc3f7872cd4
8804a4de630c1a2b6b47caf8399160a8f2e65a21	818a88900b12135cf09cb08af04340157f484cf6
28f716ed3c56ba5e9ca922cd11a47da972056b7d	5e3b0850bfdd339a3a54eace40a24fda4914a1d4
70edd4896b7ed7a88d0459cb687280c73ac59db2	ac146c75383daa66b6da4c50800c779ce9461651
346873c120079bce4f95ae28f8108aa6f87051bb	f71fae7916bc21acdec694baf5f07eb9e235042c
b622b05e2d211feb09042b7ac69201013648cbd0	67dfe62eae6bdbf133b3e3da53da67305e4e35cf
81c37a28d1e8113b61c77ae81f0b1f6bcd9c6b11	ea6f300682fe623a69cdd3092446bbeb944da497
030ceb7c8b5b1774f4a25a78986035f386eb00ee	5cfaf642d3b5f839fd7d11ad8052f3bea7f2ad6b
adaa8b56f1d600c6e0775160a6ae06dba7930805	2499bb932c9a3d997c7bd2c255979e7f69be9206
3799542139d399182d4fca66360818729de01940	283f6c8683f6729233b0a549dfdfa7f2fd35d921
b446c9e57c84bfb977910a6f8a676e2eaf6dc29f	eb29f5917c1d175eac72e5744eb1520ec1d2492e
33b412bf76480deea0a0d053cea9a76405762b73	690543b7de021e84f7cf6d710d46a6840f0ea794
77bd26c2c73e1ab65db7825a57792302b4afa7c0	1dfd4489570fff260d70e11c412df4de84503155
c00a570a7db863db865b672c368f6e94126baf34	aff6487f809e3e9a260735951c736324182edddb
9f8bf271cade4729e5cb2cdc853dd5231d74f366	9d0fe67d9437ae333710e1deb2bb809e35d11e21
a06918eb0ca9bee4d68b9be8342349ec1f5ec084	f81dc032283cda4db252d9fa3af8d1db3c2305ee
a4520f3792929b88c0a17952a11753de98a6538a	60ea853cbc8765393368962a1de838d85ec6f424
fce770c6fcbed8b1904855d55fbbc22775d6c043	daf577aae0c769b70273be100da85977b4a96333
e42ed1becc5c5e3f28ec6b6fd96e64908ecda169	14ff9e6a98aecfb197eca0b810cd648237ecfd62
54a2e03e3ed203980fb6f1638449f3d661073f24	ee43d81d36814cf4a7ace8c4f13e23420caee4b2
910ec52120e8a2b0573468bd624c17f37c7aafe1	2b35113208f2a6a8b6dfd30c9034de3469cead26
ec31d59d187834d4828f7cdd7ce99ef872113fe2	05cececa1d10a92c8c9ff4faea016c4a68e18a09
4bacfa888c047b7b370089e8a572d22c4c995627	42d727c1adf79b0827de402d627ffa7806111ea4
d25c4c328796f85c44222a1576dacb91e91b7b58	3cdd53c6dacc7c93e760d06f5724c18a96cc1bf9
5c88252a86099f5d36bea9fc2aba4cbcfd8c2920	7d3ee3d2362f46b02f6a22c1bddca07e3a184b31
86d7be1f37da8bc3dd551b1d1126b29386e3206f	8d8d7dabea9b3cc56dd2f23121eb20ece9dacf02
e9dda410b2035c69e19906333c57a6b3a2ee0c2b	8d1f2fc633a28a62f080bb6dbee09a8d33e18af1
f86916f1a87c69d8a95826e7b26a5021ed5f7698	a64f45435887be9d05074fb546a77323ba969d8a
0c08791d47a4061a6ca7ed2c1ffebdbc930160d5	951a085b19f3d6cd9ff53d0fbe9d80d163e80815
e1066ea571640085b2a6d0023d2c61ccf669125b	8c2093fb4c889d71f4931d5fb10da119631bd027
c2752c10bc4f518f31228cf4182a5249431cc7f3	b48c136a130b1d84974f9edecd67e6fa38730564
f1e1715157b9416f56fffc29333cbd8e6732ebb1	b70bb6de9c14a1c9aa9cc7bde70d5d240f80516f
cfc12b3e7a3a36f3e13557b3925646ff5ac2f51e	c17bc347b63f34dc34afe735aa6ffc1dbb9b3520
51f827e35fbc76df1082f32b63c38d62e3bc988a	081747268f82004ebaf1e8564c08a3cc05e94845
18333f16031b416bf678a85d0b871f915354c1d9	63dcea30f0d1d70aee0f24f1237c09c156f30f6b
91e55eea3fe0efe54505b5b4e6ee757dfda74fb2	ecceb3255d3fca56fd2d404e84f285cc7a9b9002
52beecfad6ba871d74f0106e6bb9ceab4b7b7d02	8740471a35199cc842cea6ed112d7f4ec6228b13
44f71c7c532d1cbbb9fc3bec170c12a3ac385723	f53ba1d5e212b6ed9ebc006aa83b99cf5659d31b
fde36c5878818f85e7206a80aca79b2633e62765	29b617517b32bfff6f251913b94e47cbe056c0d5
905d150dc4443a1c688ec48c4a2a010fb4d9ef6d	a89062923aceb4e41548158a8947f699d1b296f4
88a99feef652e7f31bce80caba066000caf99b10	03dd15ea518bfef4f2d1bc3ea7619995e5485032
8b01a6d5cea32e9aeb7d4df54c04075e7c552c96	7602256f2e96f0e622cef19aa9d43ef8f0da999a
3470cedbccc0f8980353a04ec575125e32d7e363	2aaa4dfaa2a4d710ec6a4433b0c207f13b81da00
c6e11cea66f8fa80ea3204989e6d1131b86c919a	972c5b447263bcabf359ec0f6af79a5baafc20fd
afa303dc8de453f4f8f8b232323f8f54be9423af	7a90904d76a390ccb5fc8d8fcf222b456e0c7410
95625c1a37729f68867b724fd000197ff94c5874	1ec3a0e7ac5ead6254f9b254ddedf1a793b7d7d5
6c8c68b3ae8d46bb5a77a2beb23326c2ae827b54	40693516cf586385595e8db892db5980dec16c91
fe93a7b41f199731554c8ea7d18313ea10dba7b0	18397739776ed1dcead258d7c8571d597ea83524
34e4347ceca2a318ead670d1438d387ec470597f	db561222f3144a3ce0530ede0e72a40f4a41ee0d
d845d2935b5ae9919b7f998fb8bd4656f91cc523	5aec2134484700b120e9be1f0cf1cd2646c6940a
682e1eb31f893560e4c75052064d51b16e31fc37	bf2bd59ae8ddc0db17fedbb546f0b07949cdcb7e
1c27bee9faa195fd5582cff461f5a6324cdfd4b6	48de1882630b80b9f72f02483997c8da276b9342
561fc34877ad9836b724712c0a9e0f81972f6e2e	edb67f906daa02d549f288640a7db583ca029a5b
30f0514cd9149814ab583da41a07f42086bba11d	f332d73f00a7321d1081f7db3a9498acaf906cef
d5a6a7da5a2e4accc74299dc688e4c753d10523d	fa5c761a0b03e1bbf03bea272373e831a788bced
c929738038e2f97b0b358dfc8508f8569955557c	c032763cc493c4ea81931d3588615d1e54fa58f1
db8255b87715f0c54b2b744dd01ef354d7436627	c1213a0d7dc20bde64c52a28c0da19cecaa9791b
872b0ceced0d0913996c0bb664b3fa8d6902c44e	85ca9a27bc99264d6f8fb9d30d6c4941bce0ab40
f38e76abe2219c2589e43d765433629ffd5ffbd6	39de5bef0e0b4432547ad1e2b39ef73c3f4fb65b
38656aaf7e75e4af1bc7a78be5d0c37967fedc1d	66029b5024a067a0cedc3647c9607f9ddcf3cc04
d9dc5192458c945ea380da36d6f1aadf9bdcd866	141162bcb0aac29aa91a0db9b371259c0c46b58a
bc0a0a50cae51d4acd6be5466b894075382a2e12	a8d30b3479ef67a8bd2f1037284596a73e7cfd4a
dcef4d4581a95368bbaca8f1b26914071f8b0d56	b982d2d1dbe38c3b5b4f98777677a2217e00c57c
6fc5892c7b68c21d396c3dd3653628bd106376f4	503d90d991e4eae71b6bfd6ee0d7621b6e0de531
8edf6d40c08c8a327d69f701b9524af335a435d2	b3dc065b2b0a7e1f55c386bd1c35aa3e384a5a53
1040af3729ea4e4cbf361fbea636e298fadab6ca	165bc9380c9afb564ae0c8d5658b97780eab0623
665dbe6c24d085ec7fa30ab0b0fe9a8355048a66	d254a69039ad951e979205fec3330d665e7574ec
e8ff22a7663b3bb75fc42753fa1b23db935683cc	25a7b94af5d6ed5980da59e446281497d33d985a
efd3202ca4b1c1ee2bffc8a3c7e9447ca0cbf635	6aa81a032ed35833f6ca34be94f1d379018193b2
0b8000ac4a0b1d18c6548a9b9b4bbec67f733b3f	656b2a1ba3c84af1c13db6db4bb5ec7e609a4b81
95cdfec79dfae709309210b4e1f08b41507e3039	edc23a5e42c07a7f5675e22ab68fcc4d1bd1c7f7
5bd122e5a4e51880a7e19cb03ce9f48af09270a6	5801edc5b3c62fc16b1ef4198b804f7097133db1
ed8affcccad726770f8544b62cf24e66b19dd736	9086eacd2f5ecae692110e98d8250fc034ca416b
4d6d8f4d083a97df4d99694ea67d546c9dd21aa5	e2eed9002fd9eea395ff956a99ff13a5d35a4f86
526eb410e1be1f4cfc861cdf52c9261874710bad	3a84a6d8b38ceb1f22ca82770aa51bb9750f8ced
39e99e41f7858a368921bde31b3bf937cc303493	647f47a8fe5d0320144f7c468e8d4c3e1e441ef7
81899930dbdf621f95c5e7bedaee88b49f141127	ddaf96bb04c3aefdd0c6977a0b8627d3b351a9fb
597cc700b5e762e1cefc26ee3ae7d2734c64d5c1	23eda5f43e2aa10928cd9f919e4658672d2d9118
b496ac5635d29c712d893f2c4d970f6c829912d3	99239392dc6143fa5b1e1554ad0c1748c1c23ce9
f7447819844e742d89afa8e7d0097cc4e35dd401	1c8fb47f6b15e4692e64fbe42032458c5aa4fbae
7708a8bd33059dcf7c6885e0762b01cf1202882a	3a65a6cc0d9729e32900889a13a049005f86c784
befd5c4f0a0f26cd3c4d6b5f21ac945fe304b6c8	c6f18aeda15cd8b6ff939d36d6683d572e905438
fc947fdab3cccab9d5633bddb25c574a0d1e3bd3	3bec6cfc6f25106753d82d0faf5588d38ad910ec
c6449c326be196bb09f8b439aee1093d586655a9	559776dc0a883dc150e60c508affb89d1be259ea
6aa7dd8f07263b80ed24febfb05e325c3ccce892	87eae6afbcfb83c22321e00e77ee2421737733ed
4fc13c26035147ba91c5108fcd4d917430c85b1b	8202d27ba9eb12ec569aa5991f05352b0c9b33f5
6c5f407741bd95964bd780e7b4787b5122005828	f309179557e0381a656a9aa6860bba68e38f6081
e0b1b770fc7aeccc0fe7daf6b0f8944d12678370	812f2904105c9f4dcc56034474435b4eec1ea057
5b7a8415270bb8a387b3416e57a89bc5f96bf560	2d2d729b5794816773f27c8de53e07a95ac8f922
73425bd0c84c48b6bf31e83df5375a5e0a989800	3165cd1da697a1394634177b7a60aa9adf530b6c
d2491d65ade7363a20cf15602a7c7b03fd575bf6	bda12bcddd29e3d0806d3db89cac09f021f75382
226c8fb65924736e1b2e84cb77c019235db17288	c8937e49ea12091c3b59ed56dce52ce8a0f04bd1
0fdf1b88a18bd3d973705b4b3e72599ba03b6460	0262f9829729f90e6c8610c4daa0cf7423e4f3b9
90bcf03971ff1dafdb682ea5bb1fbfb9943c669b	93807beb6bc4cec2dee3d7e95466aa83bcce1afa
c2c8bba42433fe6b16bd245b79f9b0ae12a83e87	2887674854cfd7552f126002ecf2e8bb84469cbb
579076f407e65dc2d774d34bd30af01f2be348b3	83f00709fce7216ef2a8de270d0da4ca797e7a33
b17efc35edd12fc09ec0161177040dba2c67e464	0fd9e583b182ff63cc36acd6b86692efd0c605c3
aeba60d51311f194b225d156ed9272a13d912ade	911b98375b428c69531e212c0d0f81a484e79825
e507c4ee825d66d9d1eb14a1c58da88eeb24a3d4	d50f86ee7fee4d69b5e220eb9d6d0b9dc23aac82
479b697f2fa0de621800263634ce5e5dd311b34e	ef4af9a5c27f36af9063cde50b78327c8fed725d
3364e007a53444b0a72041eb016087a75ed805b0	af035ca7cc032a4222d874721fbef8274687fa25
681dedd5818205d2829205da29b0c6ee8ee59a93	035f9b283f24f60c60c46de7815b151a7e3b5462
fad7765bac336b7e760bdde269f1e9dbb5b2027a	1749bbf8f2421e0b26e3f0419000c09c3005d8ba
78e9dd221c4ddbede2161766287a44aaedb73a4e	1705328dbfb6ea92033338c9d63777cefe8a3178
739f7c0b52ac9d029dcc71148e6dd5707b1b4b69	50aa49d359be7b82a096a7a5bbcd95eacd858179
db27d37613b4b9c283b3a5d1fd6277ba6a3f003c	e1bf5748748d5cbaf40b27d7c7ccb5a3ef228ca3
13fdb97748d59319c638370e6c41c76ae2149fd9	f4cdab6e338598e1880ed17d3236330cb0359670
254a347ed74ed76e885706139b686ad4c2b7ed12	b5250b8d436d2c51f44dd0684ebc912ce97937c2
135cd3db0bac1cf97d05188c99c357303915d949	42a9f2936089d204cbc1e74c68c34a502b43d0f2
f1ecef54614d0fa2cf4eebcffc476fdfae9a068e	e7047d6ae607e7bfb7f627d461a1fc5da1f968fc
dd06c141fac99f20a07157c66b81a66c01502344	006f9ae1856464e1b99a8f7a55b0b68869709e17
e66c10b65b7229f8e3572ee394023449998853a2	90528d5bdadef95a5948ba00594d02efb07bc8dd
28e567715f981629909f070fbc1b2e44d0f92f4c	7da0e423f4b0d73d454247879dd628c135fa9e02
b02cba79a89c555478f8fd794cb485d0354e838c	c7f7ac147d672b34b4b7704ec8890bb28ea2aaf4
15dd21aeb0575c8f40455d97f8bf4c0f62d328b7	4ba8ab243ef5e7bb3cab585a6bbe9be073a4cc36
9fb700d41032e65428517b17b504e0f0c5d671ae	d23b38fd9947862e59a9bc4b52e6042d7a22f905
280dccbe21a9ed9c781f4001d4e5fa2e9b4d7c7f	4f0943301bab34536916dcd370baf456745b39d9
5c09379b6ca133d77d88d639f56343ca6b7c8569	10a457d939286634ef7f297a389a8029f13b1bcd
2fab2aafb95a41c556b5917e496bd71300cd995c	c5e74a31a49aa323ce9e25e2436096b638c8ccaa
5834ed36939b03c73e91052036397719d7dc62d1	79dee494bd862dd5ee3574066feceef941ad0f24
9037214bc76d3abdac06dc44e7a9ac482a9c96a8	2047b957b49e27397227a8cedfe4c1822858f27e
c2e995cf8c20a1748b8a244bf15c287edf30eb32	1d0f6bb005a95a9da7f43699008bfabba6f99433
ea7d6361e7a3c713005d8358cb1ca35bf39ca9ed	f38eb89b6aaea2f2a8826b7cdb0d0146e26b0c3e
620bb17cfc191fc8c02aac07cb138db1337cdf1b	490feb80a06abd70ac236ca3d823ddf30109e54a
5a8e88f5ebfe90a39497a1a57bfc93b840403d40	ef28c59ef35e4798c3e1dfd3bab21d020d7170f3
e2579422f535a7a7435fce44959365456ae14449	6ba62c3041194fa89a7509528d985ac0b613623b
02758ebdd86620d4f664d3a7f9e0a24184b7ad90	2bb970d200195e6d7d42843a8166515f86b6067d
f325338de67309569c0541f1111c4a5e07967cd7	ee0c3d45e04e038b6641d2ecf81b42f8310f4a39
9e08fc427cdeca68b622a5b41b449a5fc69743ed	f9cde1b1f8290cf8ddc842a0972c913dc1f8f683
d10502a4d669ba241e2cd6351344932cd881260b	039acde2171515c71c953fd64b41c4f3b9dda182
dbe0cfd2f381f1a75f694801e126c4a27568524a	db7d3da85fb9fea005955959fe872d3e24595c98
3e3344ff930f5d0c882ffc46eb3ddac48f3df91e	80af588f0fb91ec26a345a1756e3876b0c354e22
47c77a962b2b4197fe099b578dd25bab02b1c216	c55d94e90af5bb62286d918b411864e6a140f23a
9f5bb80124b8f06e275d4c8dd9f0a7a97af8ec7a	cc0b88871d252ee9612afcbc1d4f21f4315813b9
30a581f09f111979ba0e9c8a1a5070764b63edbd	e16c12864cc6c6270567ce2254708ef6f115ff4a
83a8b56fc2ed98093c856af8b8768a3264642626	7194607bb17982085dc5502f744051cbf3c8b4d2
b0ab3202014045310dfbee431b95abc4b70fc5c7	a391e13436b662579c86398c864c3d8aa44b7ff3
984b11812a2145973c8df22c6a92144d445de49b	8af761664e2eaf3d0a3c5995323431e7a0375822
57ed7c0716f157a0c3a8e2826b3ea11dac1f89c5	1f85861aa5043288953d814eb9add55ab6293a09
bc327b0e1eb35c214057d62dd780ed8b2a613020	89130c38db57ab08812cfbeea199d44f8d5995b2
1755fbf5f80926da425c4137c4f52f845fe61452	0a908fb40a2612deb68a784606487ef74b15cd12
3191ce6549bafb2a106a8b61d6f274ab9241c60a	f97bce944cebd501041009094214729e6d4146f4
220c450701604dde7843a94f1533c4f550afdf97	bfc191ac17dd18818772217fde85e77c55603c71
1064eb29997eb1faa0d10d845ccbb9137484737c	5d9a956a5f2e048ead0b93d6abcfc0491d3c5cfd
fcc6daee21d072b536097179d4cfd20afb1072f3	457f780321e667f754d5801d0b4aebbd199ef632
860588cdd496792688b5d88d992d85d93685ccc2	92cfb718379b7c273752a60cc83d66ddbd034f92
0404222f52df04bcc16284e8bcfa59bedf4a4488	40e34f1a237ea6d4a28b7eead67ca80e3668460e
288f5c6f30bf08e0f0fce5f04e36fa64f0d253bb	6ec0a6ae3094485e8db7c5478dc8db7b1a7e1a56
ac11618f2116af0624f71a18dead1589b7110fbe	fd9af3a890e51629cfc4d2bfc5d8a65c8816dc9e
033b522768c35e00e584837508af8ad32836e11b	249cdf8e127a8b6bc0d14e73c8a73920d5d6f002
3768ae393337963323a8d32983449fd3513c18ff	94dd409cda2e21899a9091ff1028de06a7b91f72
4ba42624a169f0c5bade948b9296d0e3dbeafad4	7c5c5e5a5161fd761f42832117b6ef5fb515d991
2b5d1e55887d1117db20c37d93471e6ab533e921	ab600a1629aac89bd0cbc6e17b5ba3129059d09e
e97b968416a55365826a0ba854640f1f3964a4a9	77ddac8a7527a59389f1fe20423f1387c0db10b4
